SamAccountName,First,Last,Full,Password,Role
mike.hammer,Mike,Hammer,Mike Hammer,Zioptis123,Manager
john.franklin,John,Smith,John Smith,Zioptis123,Manager
adam.wally,Adam,Wally,Adam Wally,Zioptis123,Manager
elijah.blakley,Elijah,Blakley,Elijah Blakley,Zioptis123,Manager
herminia.oliva,Herminia,Oliva,Herminia Oliva,Zioptis123,Manager
fannie.eames,Fannie,Eames,Fannie Eames,Zioptis123,Manager
nguyet.catlett,Nguyet,Catlett,Nguyet Catlett,Zioptis123,HR
phyllis.biondo,Phyllis,Biondo,Phyllis Biondo,Zioptis123,HR
merideth.bolanos,Merideth,Bolanos,Merideth Bolanos,Zioptis123,HR
ivan.davie,Ivan,Davie,Ivan Davie,Zioptis123,HR
marcy.hyatt,Marcy,Hyatt,Marcy Hyatt,Zioptis123,Legal
renita.lintz,Renita,Lintz,Renita Lintz,Zioptis123,Legal
sharilyn.penning,Sharilyn,Penning,Sharilyn Penning,Zioptis123,Legal
maryalice.orosz,Maryalice,Orosz,Maryalice Orosz,Zioptis123,Legal
isabella.twiford,Isabella,Twiford,Isabella Twiford,Zioptis123,Legal
elene.bragdon,Elene,Bragdon,Elene Bragdon,Zioptis123,Legal
sandra.bakley,Sandra,Bakley,Sandra Bakley,Zioptis123,Legal
jann.vancleave,Jann,Vancleave,Jann Vancleave,Zioptis123,Finance
buena.delsignore,Buena,Delsignore,Buena Delsignore,Zioptis123,Finance
jeramy.rubalcava,Jeramy,Rubalcava,Jeramy Rubalcava,Zioptis123,Finance
maisie.munez,Maisie,Munez,Maisie Munez,Zioptis123,Finance
leonardo.przybyla,Leonardo,Przybyla,Leonardo Przybyla,Zioptis123,Finance
glady.moler,Glady,Moler,Glady Moler,Zioptis123,Finance
elma.walworth,Elma,Walworth,Elma Walworth,Zioptis123,Finance
lizzie.sellman,Lizzie,Sellman,Lizzie Sellman,Zioptis123,Finance
edna.burnett,Edna,Burnett,Edna Burnett,Zioptis123,Engineer
teri.bradwell,Teri,Bradwell,Teri Bradwell,Zioptis123,Engineer
domonique.galasso,Domonique,Galasso,Domonique Galasso,Zioptis123,Engineer
alona.marr,Alona,Marr,Alona Marr,Zioptis123,Engineer
antwan.waltrip,Antwan,Waltrip,Antwan Waltrip,Zioptis123,Engineer
maye.schewe,Maye,Schewe,Maye Schewe,Zioptis123,Engineer
gwenn.kohler,Gwenn,Kohler,Gwenn Kohler,Zioptis123,Engineer
forest.schlueter,Forest,Schlueter,Forest Schlueter,Zioptis123,Engineer
edmundo.isenberg,Edmundo,Isenberg,Edmundo Isenberg,Zioptis123,Engineer
cuc.vanarsdale,Cuc,Vanarsdale,Cuc Vanarsdale,Zioptis123,Sales
beverlee.lowy,Beverlee,Lowy,Beverlee Lowy,Zioptis123,Sales
leann.tokarski,Leann,Tokarski,Leann Tokarski,Zioptis123,Sales
ilse.plamondon,Ilse,Plamondon,Ilse Plamondon,Zioptis123,Sales
mara.shoaf,Mara,Shoaf,Mara Shoaf,Zioptis123,Sales
wendolyn.garber,Wendolyn,Garber,Wendolyn Garber,Zioptis123,Sales
lasandra.blalock,Lasandra,Blalock,Lasandra Blalock,Zioptis123,Sales
lannie.verne,Lannie,Verne,Lannie Verne,Zioptis123,IT
julie.yarberry,Julie,Yarberry,Julie Yarberry,Zioptis123,IT
sheba.thweatt,Sheba,Thweatt,Sheba Thweatt,Zioptis123,IT
serena.gutter,Serena,Gutter,Serena Gutter,Zioptis123,IT
violet.chilcott,Violet,Chilcott,Violet Chilcott,Zioptis123,IT
dayle.bolden,Dayle,Bolden,Dayle Bolden,Zioptis123,IT
melisa.cosme,Melisa,Cosme,Melisa Cosme,Zioptis123,IT
pamela.pahl,Pamela,Pahl,Pamela Pahl,Zioptis123,IT
hae.penley,Hae,Penley,Hae Penley,Zioptis123,IT
edythe.towers,Edythe,Towers,Edythe Towers,Zioptis123,IT
gloria.hanks,Gloria,Hanks,Gloria Hanks,Zioptis123,IT
louanne.haverly,Louanne,Haverly,Louanne Haverly,Zioptis123,IT
tomiko.larock,Tomiko,Larock,Tomiko Larock,Zioptis123,IT
cathleen.demelo,Cathleen,Demelo,Cathleen Demelo,Zioptis123,IT
gerardo.fleig,Gerardo,Fleig,Gerardo Fleig,Zioptis123,IT
ria.letts,Ria,Letts,Ria Letts,Zioptis123,IT
daria.kuehn,Daria,Kuehn,Daria Kuehn,Zioptis123,IT
renee.sia,Renee,Sia,Renee Sia,Zioptis123,Development
karlene.babb,Karlene,Babb,Karlene Babb,Zioptis123,Development
edmundo.stebbins,Edmundo,Stebbins,Edmundo Stebbins,Zioptis123,Development
jaleesa.hagel,Jaleesa,Hagel,Jaleesa Hagel,Zioptis123,Development
velva.bolds,Velva,Bolds,Velva Bolds,Zioptis123,Development
catrice.haggins,Catrice,Haggins,Catrice Haggins,Zioptis123,Development
shonda.mccandless,Shonda,Mccandless,Shonda Mccandless,Zioptis123,Development
ahmed.kroner,Ahmed,Kroner,Ahmed Kroner,Zioptis123,Development
donetta.coghlan,Donetta,Coghlan,Donetta Coghlan,Zioptis123,Development
ted.steib,Ted,Steib,Ted Steib,Zioptis123,Development
stefania.zaleski,Stefania,Zaleski,Stefania Zaleski,Zioptis123,Development
rhett.breuer,Rhett,Breuer,Rhett Breuer,Zioptis123,Development
krista.hackler,Krista,Hackler,Krista Hackler,Zioptis123,Helpdesk
gemma.bowker,Gemma,Bowker,Gemma Bowker,Zioptis123,Helpdesk
marlys.revard,Marlys,Revard,Marlys Revard,Zioptis123,Helpdesk
claudia.lunn,Claudia,Lunn,Claudia Lunn,Zioptis123,Helpdesk
rosalva.talmage,Rosalva,Talmage,Rosalva Talmage,Zioptis123,Helpdesk
kevin.surface,Kevin,Surface,Kevin Surface,Zioptis123,Helpdesk
jeannetta.loudin,Jeannetta,Loudin,Jeannetta Loudin,Zioptis123,Helpdesk
lidia.velasco,Lidia,Velasco,Lidia Velasco,Zioptis123,Operations
nilda.figgs,Nilda,Figgs,Nilda Figgs,Zioptis123,Operations
graham.layton,Graham,Layton,Graham Layton,Zioptis123,Operations
dillon.blowe,Dillon,Blowe,Dillon Blowe,Zioptis123,Operations
philomena.persaud,Philomena,Persaud,Philomena Persaud,Zioptis123,Operations
gus.reasoner,Gus,Reasoner,Gus Reasoner,Zioptis123,Operations
mackenzie.amaya,Mackenzie,Amaya,Mackenzie Amaya,Zioptis123,Operations
drucilla.gamez,Drucilla,Gamez,Drucilla Gamez,Zioptis123,Operations
marvin.sam,Marvin,Sam,Marvin Sam,Zioptis123,Operations
coleman.gabriele,Coleman,Gabriele,Coleman Gabriele,Zioptis123,Operations
otis.terpstra,Otis,Terpstra,Otis Terpstra,Zioptis123,Operations
laura.marcinkowski,Laura,Marcinkowski,Laura Marcinkowski,Zioptis123,Operations
jim.cushman,Jim,Cushman,Jim Cushman,Zioptis123,Operations
claris.mackinnon,Claris,Mackinnon,Claris Mackinnon,Zioptis123,Operations
robbi.tu,Robbi,Tu,Robbi Tu,Zioptis123,Operations
robbyn.leathers,Robbyn,Leathers,Robbyn Leathers,Zioptis123,Operations
jack.welcher,Jack,Welcher,Jack Welcher,Zioptis123,Operations
fe.kitzmiller,Fe,Kitzmiller,Fe Kitzmiller,Zioptis123,Operations
charlotte.goosby,Charlotte,Goosby,Charlotte Goosby,Zioptis123,Operations
cristal.valazquez,Cristal,Valazquez,Cristal Valazquez,Zioptis123,Operations
hilton.loehr,Hilton,Loehr,Hilton Loehr,Zioptis123,Operations
leonila.fortino,Leonila,Fortino,Leonila Fortino,Zioptis123,Operations
millicent.sue,Millicent,Sue,Millicent Sue,Zioptis123,Operations
tamar.mcgaugh,Tamar,Mcgaugh,Tamar Mcgaugh,Zioptis123,Operations
eladia.mullarkey,Eladia,Mullarkey,Eladia Mullarkey,Zioptis123,Operations
sandie.ebner,Sandie,Ebner,Sandie Ebner,Zioptis123,Operations